id,url_lab,nombre_pintura,autor,epoca,año,corriente_artistica,pal1,pal2,pal3,pal4,pal5,hex_medio,hex_destacado,url_pal
1,https://labtecnosocial.org/pinturasbo-explorer/paint/1_paint.jpg,Virgen del Carmen,Bernardo Bitti,Colonia (1535 - 1825),1600 - 1605,Renacimiento o manierismo (XVI - 1630),#FDFFFE,#1F0D0D,#DEC3B8,#653741,#7A8587,#8F7D7D,#653741,https://labtecnosocial.org/pinturasbo-explorer/pal/1_pal.png
2,https://labtecnosocial.org/pinturasbo-explorer/paint/2_paint.jpg,Virgen con el niño,Bernardo Bitti,Colonia (1535 - 1825),1575 - 1610,Renacimiento o manierismo (XVI - 1630),#F7FAFF,#1E110B,#432F2E,#C98C5D,#C57B54,#916E5E,#C57B54,https://labtecnosocial.org/pinturasbo-explorer/pal/2_pal.png
3,https://labtecnosocial.org/pinturasbo-explorer/paint/3_paint.jpg,Circuncisión,Bernardo Bitti,Colonia (1535 - 1825),1575 - 1610,Renacimiento o manierismo (XVI - 1630),#FFFFFF,#000000,#404450,#65616F,#907C64,#6E696A,#404450,https://labtecnosocial.org/pinturasbo-explorer/pal/3_pal.png
4,https://labtecnosocial.org/pinturasbo-explorer/paint/4_paint.jpg,La Anunciación,Bernardo Bitti,Colonia (1535 - 1825),1575 - 1610,Renacimiento o manierismo (XVI - 1630),#FFFFFF,#6B5561,#7F6862,#000000,#BDABA9,#847778,#6B5561,https://labtecnosocial.org/pinturasbo-explorer/pal/4_pal.png
5,https://labtecnosocial.org/pinturasbo-explorer/paint/5_paint.jpg,La Adoración de los pastores,Bernardo Bitti,Colonia (1535 - 1825),1598,Renacimiento o manierismo (XVI - 1630),#020202,#211D1A,#503C31,#F3EBDE,#9F6B43,#645246,#503C31,https://labtecnosocial.org/pinturasbo-explorer/pal/5_pal.png
6,https://labtecnosocial.org/pinturasbo-explorer/paint/6_paint.jpg,Niño Jesús,Bernardo Bitti,Colonia (1535 - 1825),1575 - 1610,Renacimiento o manierismo (XVI - 1630),#FBFAFF,#B59E6C,#B09D5B,#010302,#7D7777,#908670,#B09D5B,https://labtecnosocial.org/pinturasbo-explorer/pal/6_pal.png
7,https://labtecnosocial.org/pinturasbo-explorer/paint/7_paint.jpg,Arcángel Osiel Dei,Maestro de Calamarca,Colonia (1535 - 1825),1670,Barroco Mestizo (1700 - 1790),#FFFFFF,#211715,#423733,#959597,#765B4A,#796E69,#959597,https://labtecnosocial.org/pinturasbo-explorer/pal/7_pal.png
8,https://labtecnosocial.org/pinturasbo-explorer/paint/8_paint.jpg,Angel con Espigas,Maestro de Calamarca,Colonia (1535 - 1825),1700,Barroco Mestizo (1700 - 1790),#0C0B11,#43221B,#7E4C1B,#F7F6FC,#DDB965,#846950,#DDB965,https://labtecnosocial.org/pinturasbo-explorer/pal/8_pal.png
9,https://labtecnosocial.org/pinturasbo-explorer/paint/9_paint.jpg,Arcángel San Gabriel,Maestro de Calamarca,Colonia (1535 - 1825),1600 - 1699,Barroco Mestizo (1700 - 1790),#FFFFFF,#1E1E1C,#C6C8C3,#54382C,#A5965B,#8F8575,#A5965B,https://labtecnosocial.org/pinturasbo-explorer/pal/9_pal.png
10,https://labtecnosocial.org/pinturasbo-explorer/paint/10_paint.jpg,Ángel de la guarda Serie Jerarquías,Maestro de Calamarca,Colonia (1535 - 1825),1700 - 1799,Barroco Mestizo (1700 - 1790),#07080A,#FEFEFE,#312D2E,#606561,#C0C6C6,#727373,#606561,https://labtecnosocial.org/pinturasbo-explorer/pal/10_pal.png
11,https://labtecnosocial.org/pinturasbo-explorer/paint/11_paint.jpg,Arcángel Leteliel,Maestro de Calamarca,Colonia (1535 - 1825),1690 - 1740,Barroco Mestizo (1700 - 1790),#FFFFFF,#2A231D,#3F3830,#725E45,#998D73,#7A7062,#725E45,https://labtecnosocial.org/pinturasbo-explorer/pal/11_pal.png
12,https://labtecnosocial.org/pinturasbo-explorer/paint/12_paint.jpg,Arcángel Uriel,Maestro de Calamarca,Colonia (1535 - 1825),1725,Barroco Mestizo (1700 - 1790),#FFFFFF,#07070F,#271B1B,#494A4E,#747371,#5D5A5C,#271B1B,https://labtecnosocial.org/pinturasbo-explorer/pal/12_pal.png
13,https://labtecnosocial.org/pinturasbo-explorer/paint/13_paint.jpg,Arcángel Baraquiel,Maestro de Calamarca,Colonia (1535 - 1825),1700 - 1799,Barroco Mestizo (1700 - 1790),#0D0D15,#EFF0F5,#763F16,#D5371E,#D49836,#A16848,#D5371E,https://labtecnosocial.org/pinturasbo-explorer/pal/13_pal.png
14,https://labtecnosocial.org/pinturasbo-explorer/paint/14_paint.jpg,Éxtasis de San Pedro,Melchor Pérez de Holguín,Colonia (1535 - 1825),1702,Barroco Mestizo (1700 - 1790),#FFFFFF,#18161B,#3D3131,#D3321E,#7F625E,#885E57,#D3321E,https://labtecnosocial.org/pinturasbo-explorer/pal/14_pal.png
15,https://labtecnosocial.org/pinturasbo-explorer/paint/15_paint.jpg,Virgen del Rosario,Melchor Pérez de Holguín,Colonia (1535 - 1825),1700,Barroco Mestizo (1700 - 1790),#050503,#642B18,#FBFFFF,#6F3921,#996D3E,#7C5A47,#642B18,https://labtecnosocial.org/pinturasbo-explorer/pal/15_pal.png
16,https://labtecnosocial.org/pinturasbo-explorer/paint/16_paint.jpg,Juicio Final,Melchor Pérez de Holguín,Colonia (1535 - 1825),1708,Barroco Mestizo (1700 - 1790),#000000,#38180B,#534F46,#FFF4F8,#9A8276,#6B5B55,#38180B,https://labtecnosocial.org/pinturasbo-explorer/pal/16_pal.png
17,https://labtecnosocial.org/pinturasbo-explorer/paint/17_paint.jpg,Entrada Virrey Arzobispo Diego Morcillo Rubio a Potosí,Melchor Pérez de Holguín,Colonia (1535 - 1825),1689 - 1732,Barroco Mestizo (1700 - 1790),#0C0C0C,#FFFFFF,#56453B,#988D71,#FF936C,#957969,#988D71,https://labtecnosocial.org/pinturasbo-explorer/pal/17_pal.png
18,https://labtecnosocial.org/pinturasbo-explorer/paint/18_paint.jpg,San Mateo,Melchor Pérez de Holguín,Colonia (1535 - 1825),1689 - 1732,Barroco Mestizo (1700 - 1790),#000000,#3E3F44,#696574,#FDE0D8,#6E4943,#67595B,#FDE0D8,https://labtecnosocial.org/pinturasbo-explorer/pal/18_pal.png
19,https://labtecnosocial.org/pinturasbo-explorer/paint/19_paint.jpg,La inmaculada concepción,Melchor Pérez de Holguín,Colonia (1535 - 1825),1700 - 1730,Barroco Mestizo (1700 - 1790),#FFFFFF,#FF3727,#0E0405,#BF6F34,#8A6650,#AB6C54,#FF3727,https://labtecnosocial.org/pinturasbo-explorer/pal/19_pal.png
20,https://labtecnosocial.org/pinturasbo-explorer/paint/20_paint.jpg,Virgen de la Leche,Melchor Pérez de Holguín,Colonia (1535 - 1825),1720,Barroco Mestizo (1700 - 1790),#141A28,#664C4F,#674E54,#F5E9D9,#9B7A71,#7A6768,#141A28,https://labtecnosocial.org/pinturasbo-explorer/pal/20_pal.png
21,https://labtecnosocial.org/pinturasbo-explorer/paint/21_paint.jpg,Virgen del Rosario con Santo Domingo y San Francisco de Asis,Luis Niño,Colonia (1535 - 1825),1737,Barroco Mestizo (1700 - 1790),#E13E2B,#FFFFFF,#070D25,#706866,#A77747,#9C6E63,#E13E2B,https://labtecnosocial.org/pinturasbo-explorer/pal/21_pal.png
22,https://labtecnosocial.org/pinturasbo-explorer/paint/22_paint.jpg,Virgen de Sabaya,Luis Niño,Colonia (1535 - 1825),1732,Barroco Mestizo (1700 - 1790),#010101,#F0F1F3,#C33C1E,#A13125,#9D8B89,#9A6356,#C33C1E,https://labtecnosocial.org/pinturasbo-explorer/pal/22_pal.png
23,https://labtecnosocial.org/pinturasbo-explorer/paint/23_paint.jpg,Virgen del Rosario de Santo Domingo de Potosi,Luis Niño,Colonia (1535 - 1825),1700 - 1799,Barroco Mestizo (1700 - 1790),#FFFFFF,#000000,#C42B01,#B6C7CE,#85674F,#9E7869,#C42B01,https://labtecnosocial.org/pinturasbo-explorer/pal/23_pal.png
24,https://labtecnosocial.org/pinturasbo-explorer/paint/24_paint.jpg,Virgen de Fuencisla,Luis Niño,Colonia (1535 - 1825),1722,Barroco Mestizo (1700 - 1790),#FFFFFF,#392C35,#4D3D47,#924950,#95958B,#887174,#924950,https://labtecnosocial.org/pinturasbo-explorer/pal/24_pal.png
25,https://labtecnosocial.org/pinturasbo-explorer/paint/25_paint.jpg,Virgen de la Mercen con Santos,Luis Niño,Colonia (1535 - 1825),1700 - 1799,Barroco Mestizo (1700 - 1790),#FFFFFF,#030200,#4F454D,#9C6449,#817B7D,#7A6A66,#9C6449,https://labtecnosocial.org/pinturasbo-explorer/pal/25_pal.png
26,https://labtecnosocial.org/pinturasbo-explorer/paint/26_paint.jpg,Virgen de la Candelaria de Sabaya,Luis Niño,Colonia (1535 - 1825),1700 - 1799,Barroco Mestizo (1700 - 1790),#949995,#F5FFFF,#5A0000,#7E8178,#DAB75D,#AA9079,#DAB75D,https://labtecnosocial.org/pinturasbo-explorer/pal/26_pal.png
27,https://labtecnosocial.org/pinturasbo-explorer/paint/27_paint.jpg,Cerro Rico e Imperial Villa de Potosí,Gaspar Miguel de Berrío,Colonia (1535 - 1825),1758,Barroco Mestizo (1700 - 1790),#FFFFFF,#000000,#643E17,#7F5956,#C2CBB0,#867567,#643E17,https://labtecnosocial.org/pinturasbo-explorer/pal/27_pal.png
28,https://labtecnosocial.org/pinturasbo-explorer/paint/28_paint.jpg,Adoración de los pastores y adoración de los reyes,Gaspar Miguel de Berrío,Colonia (1535 - 1825),,Barroco Mestizo (1700 - 1790),#F2F2F2,#372221,#803E2E,#8D7873,#C69B6E,#997769,#C69B6E,https://labtecnosocial.org/pinturasbo-explorer/pal/28_pal.png
29,https://labtecnosocial.org/pinturasbo-explorer/paint/29_paint.jpg,Cerco de La Paz de 1780,Florentino Olivares,Colonia (1535 - 1825),1788,Neoclasicismo y Academismo (1790 - 1880),#FFFFFF,#959595,#765227,#431D08,#98764D,#967B65,#98764D,https://labtecnosocial.org/pinturasbo-explorer/pal/29_pal.png
30,https://labtecnosocial.org/pinturasbo-explorer/paint/30_paint.jpg,Simón Bolivar,Manuel Ugalde,Caudillismo Militar e Independencia (1825 - 1880),1830,Neoclasicismo y Academismo (1790 - 1880),#404040,#303030,#8F8F8F,#878787,#CACACA,#747474,#878787,https://labtecnosocial.org/pinturasbo-explorer/pal/30_pal.png
31,https://labtecnosocial.org/pinturasbo-explorer/paint/31_paint.jpg,Retrato de José Manuel Pando,Mariano Florentino Olivares,Caudillismo Militar e Independencia (1825 - 1880),1895,Neoclasicismo y Academismo (1790 - 1880),#352A33,#D2A997,#000000,#FFD3CA,#9D8063,#826A62,#D2A997,https://labtecnosocial.org/pinturasbo-explorer/pal/31_pal.png
32,https://labtecnosocial.org/pinturasbo-explorer/paint/32_paint.jpg,Vista de Cochabamba,Manuel Ugalde,Caudillismo Militar e Independencia (1825 - 1880),1855,Neoclasicismo y Academismo (1790 - 1880),#FFFFFF,#2B0713,#1F5873,#87868B,#656E7D,#73737E,#1F5873,https://labtecnosocial.org/pinturasbo-explorer/pal/32_pal.png
33,https://labtecnosocial.org/pinturasbo-explorer/paint/33_paint.jpg,San Isidro Labrador,Joaquín Castañón,Caudillismo Militar e Independencia (1825 - 1880),,Arte popular de finales de siglo XIX,#FFFFFD,#221C1C,#7A2214,#C37336,#D58C48,#A56F52,#C37336,https://labtecnosocial.org/pinturasbo-explorer/pal/33_pal.png
34,https://labtecnosocial.org/pinturasbo-explorer/paint/34_paint.jpg,Virgen de Copacabana,Joaquín Castañón,Caudillismo Militar e Independencia (1825 - 1880),1853,Arte popular de finales de siglo XIX,#0F0E14,#DCCAA2,#2F5C73,#A6A19B,#8A6552,#756F68,#DCCAA2,https://labtecnosocial.org/pinturasbo-explorer/pal/34_pal.png
35,https://labtecnosocial.org/pinturasbo-explorer/paint/35_paint.jpg,"Rupública Bolivia. Paz, Cusillo. Indios",Melchor María Mercado,Caudillismo Militar e Independencia (1825 - 1880),1841 - 1869,Arte popular de finales de siglo XIX,#F5EFE3,#010000,#D8C4A9,#B89959,#362B27,#877965,#B89959,https://labtecnosocial.org/pinturasbo-explorer/pal/35_pal.png
36,https://labtecnosocial.org/pinturasbo-explorer/paint/36_paint.jpg,República Boliviana. Paz. Illimani,Melchor María Mercado,Caudillismo Militar e Independencia (1825 - 1880),1841 - 1869,Arte popular de finales de siglo XIX,#010101,#D5D0BD,#C9C4B1,#A49C99,#363731,#7A776E,#A49C99,https://labtecnosocial.org/pinturasbo-explorer/pal/36_pal.png
37,https://labtecnosocial.org/pinturasbo-explorer/paint/37_paint.jpg,República Boliviana. Chiquitos. Bororós de Gran Gala,Melchor María Mercado,Caudillismo Militar e Independencia (1825 - 1880),1841 - 1869,Arte popular de finales de siglo XIX,#F8F1E7,#E7DBCF,#080000,#A63300,#E3AF59,#B18767,#A63300,https://labtecnosocial.org/pinturasbo-explorer/pal/37_pal.png
38,https://labtecnosocial.org/pinturasbo-explorer/paint/38_paint.jpg,"República Boliviana. Potosí, Cerro Mineral",Melchor María Mercado,Caudillismo Militar e Independencia (1825 - 1880),1841 - 1869,Arte popular de finales de siglo XIX,#E1D5BB,#C9B495,#010103,#AA926C,#8A6A3B,#907E63,#AA926C,https://labtecnosocial.org/pinturasbo-explorer/pal/38_pal.png
39,https://labtecnosocial.org/pinturasbo-explorer/paint/39_paint.jpg,Vendedora y otros tipos populares,Melchor María Mercado,Caudillismo Militar e Independencia (1825 - 1880),1841 - 1869,Arte popular de finales de siglo XIX,#F2EEE3,#010101,#DDCEBB,#B3AC9A,#933128,#9E8275,#933128,https://labtecnosocial.org/pinturasbo-explorer/pal/39_pal.png
40,https://labtecnosocial.org/pinturasbo-explorer/paint/40_paint.jpg,"República Boliviana. Cochabamba, cholas mestizas",Melchor María Mercado,Caudillismo Militar e Independencia (1825 - 1880),1841 - 1869,Arte popular de finales de siglo XIX,#FFFFFF,#E3CDB6,#BC0000,#110000,#C3A66E,#B2836A,#BC0000,https://labtecnosocial.org/pinturasbo-explorer/pal/40_pal.png
41,https://labtecnosocial.org/pinturasbo-explorer/paint/41_paint.jpg,Pasaje del Ganado Ceril. El río Mamoré,Melchor María Mercado,Caudillismo Militar e Independencia (1825 - 1880),1841 - 1869,Arte popular de finales de siglo XIX,#F8FBF4,#EFDBC3,#0D0000,#DAAA7A,#4F7544,#9B947A,#4F7544,https://labtecnosocial.org/pinturasbo-explorer/pal/41_pal.png
42,https://labtecnosocial.org/pinturasbo-explorer/paint/42_paint.jpg,Vista de Potosí desde la torre de San Lorenzo,José García Mesa,Gobiernos liberales y republicanos (1880 - 1932),1900,Pintores de transición al siglo XX,#FFFFFF,#030F1D,#EBD4CC,#6A7D8C,#454545,#818286,#EBD4CC,https://labtecnosocial.org/pinturasbo-explorer/pal/42_pal.png
43,https://labtecnosocial.org/pinturasbo-explorer/paint/43_paint.jpg,Paseo del Prado,José García Mesa,Gobiernos liberales y republicanos (1880 - 1932),1900,Pintores de transición al siglo XX,#FFFFFF,#1A0000,#572819,#FFC873,#6D5B50,#8F705B,#FFC873,https://labtecnosocial.org/pinturasbo-explorer/pal/43_pal.png
44,https://labtecnosocial.org/pinturasbo-explorer/paint/44_paint.jpg,Ejecución de Pedro Domingo Murillo,José García Mesa,Gobiernos liberales y republicanos (1880 - 1932),1905,Pintores de transición al siglo XX,#21221C,#9A7E71,#48453F,#D5C2B6,#CBB4A0,#83756A,#9A7E71,https://labtecnosocial.org/pinturasbo-explorer/pal/44_pal.png
45,https://labtecnosocial.org/pinturasbo-explorer/paint/45_paint.jpg,Homenaje a la bandera,Avelino Nogales,Gobiernos liberales y republicanos (1880 - 1932),1910,Pintores de transición al siglo XX,#D0AC96,#B07D62,#AF7C61,#855A4A,#3D211E,#956B58,#D0AC96,https://labtecnosocial.org/pinturasbo-explorer/pal/45_pal.png
46,https://labtecnosocial.org/pinturasbo-explorer/paint/46_paint.jpg,La hamaca,Avelino Nogales,Gobiernos liberales y republicanos (1880 - 1932),1915,Pintores de transición al siglo XX,#EEF3ED,#30283D,#765453,#8E6960,#AAA8B5,#8E7D81,#EEF3ED,https://labtecnosocial.org/pinturasbo-explorer/pal/46_pal.png
47,https://labtecnosocial.org/pinturasbo-explorer/paint/47_paint.jpg,El mendigo,Cecilio Guzmán de Rojas,Gobiernos liberales y republicanos (1880 - 1932),1919,Expresionistas e indigenistas de primera mitad del siglo XX,#000100,#FFFFF3,#35391E,#786847,#E0D4A2,#7E7960,#786847,https://labtecnosocial.org/pinturasbo-explorer/pal/47_pal.png
48,https://labtecnosocial.org/pinturasbo-explorer/paint/48_paint.jpg,El Yatiri,Arturo Borda,Gobiernos liberales y republicanos (1880 - 1932),1919,Expresionistas e indigenistas de primera mitad del siglo XX,#FFFBF8,#000000,#A78B7F,#9F806B,#60524F,#84746D,#9F806B,https://labtecnosocial.org/pinturasbo-explorer/pal/48_pal.png
49,https://labtecnosocial.org/pinturasbo-explorer/paint/49_paint.jpg,Hector Borda,Arturo Borda,Gobiernos liberales y republicanos (1880 - 1932),1930,Expresionistas e indigenistas de primera mitad del siglo XX,#000000,#7B7634,#9D8F44,#3C362A,#BDC0A1,#686340,#7B7634,https://labtecnosocial.org/pinturasbo-explorer/pal/49_pal.png
50,https://labtecnosocial.org/pinturasbo-explorer/paint/50_paint.jpg,El triunfo de la naturaleza,Cecilio Guzmán de Rojas,Gobiernos liberales y republicanos (1880 - 1932),1928,Expresionistas e indigenistas de primera mitad del siglo XX,#FFFFFF,#090F0B,#FF8A19,#3894FF,#6A741D,#988274,#FF8A19,https://labtecnosocial.org/pinturasbo-explorer/pal/50_pal.png
51,https://labtecnosocial.org/pinturasbo-explorer/paint/51_paint.jpg,El beso del ídolo,Cecilio Guzmán de Rojas,Gobiernos liberales y republicanos (1880 - 1932),1926,Expresionistas e indigenistas de primera mitad del siglo XX,#FFFFFF,#1F1F1F,#004F49,#008C83,#79A692,#5C837B,#008C83,https://labtecnosocial.org/pinturasbo-explorer/pal/51_pal.png
52,https://labtecnosocial.org/pinturasbo-explorer/paint/52_paint.jpg,Conquista,Jorge de la Reza,Gobiernos liberales y republicanos (1880 - 1932),1929,Expresionistas e indigenistas de primera mitad del siglo XX,#DEDFD7,#8E656B,#393945,#4C4E5A,#D0B5AC,#8B7D81,#8E656B,https://labtecnosocial.org/pinturasbo-explorer/pal/52_pal.png
53,https://labtecnosocial.org/pinturasbo-explorer/paint/53_paint.jpg,Cama 33 TB,Cecilio Guzmán de Rojas,Guerra del Chaco y socialismo militar (1932 - 1952),1934,Expresionistas e indigenistas de primera mitad del siglo XX,#403232,#382930,#574A53,#54808B,#E9E2CF,#686467,#54808B,https://labtecnosocial.org/pinturasbo-explorer/pal/53_pal.png
54,https://labtecnosocial.org/pinturasbo-explorer/paint/54_paint.jpg,Cristo Aymara,Cecilio Guzmán de Rojas,Guerra del Chaco y socialismo militar (1932 - 1952),1939,Expresionistas e indigenistas de primera mitad del siglo XX,#6A555E,#69545D,#8A807F,#C7A29C,#976662,#8C7071,#976662,https://labtecnosocial.org/pinturasbo-explorer/pal/54_pal.png
55,https://labtecnosocial.org/pinturasbo-explorer/paint/55_paint.jpg,Ñusta,Cecilio Guzmán de Rojas,Guerra del Chaco y socialismo militar (1932 - 1952),1936,Expresionistas e indigenistas de primera mitad del siglo XX,#B8A674,#6A5447,#D0C7C8,#304250,#698D9D,#83817C,#B8A674,https://labtecnosocial.org/pinturasbo-explorer/pal/55_pal.png
56,https://labtecnosocial.org/pinturasbo-explorer/paint/56_paint.jpg,Crítica de los ismos y triunfo del arte clásico,Arturo Borda,Guerra del Chaco y socialismo militar (1932 - 1952),1948,Expresionistas e indigenistas de primera mitad del siglo XX,#130E0B,#BEB5AC,#AFA697,#8D8572,#6B5F45,#7B7365,#BEB5AC,https://labtecnosocial.org/pinturasbo-explorer/pal/56_pal.png
57,https://labtecnosocial.org/pinturasbo-explorer/paint/57_paint.jpg,Illimani,Arturo Borda,Guerra del Chaco y socialismo militar (1932 - 1952),1944,Expresionistas e indigenistas de primera mitad del siglo XX,#C0C342,#FFFFEC,#000000,#98A144,#504C2F,#858553,#C0C342,https://labtecnosocial.org/pinturasbo-explorer/pal/57_pal.png
58,https://labtecnosocial.org/pinturasbo-explorer/paint/58_paint.jpg,Cosecha,Cecilio Guzmán de Rojas,Guerra del Chaco y socialismo militar (1932 - 1952),1949,Expresionistas e indigenistas de primera mitad del siglo XX,#C1A4A8,#E7E1ED,#B39597,#000100,#9C6B4B,#967E7B,#C1A4A8,https://labtecnosocial.org/pinturasbo-explorer/pal/58_pal.png
59,https://labtecnosocial.org/pinturasbo-explorer/paint/59_paint.jpg,Hombre del lago,Cecilio Guzmán de Rojas,Guerra del Chaco y socialismo militar (1932 - 1952),1937,Expresionistas e indigenistas de primera mitad del siglo XX,#CCD4E9,#4B3A33,#968494,#9A8898,#6B4F28,#8B797A,#6B4F28,https://labtecnosocial.org/pinturasbo-explorer/pal/59_pal.png
60,https://labtecnosocial.org/pinturasbo-explorer/paint/60_paint.jpg,Leonor Gozálvez y José Borda,Arturo Borda,Guerra del Chaco y socialismo militar (1932 - 1952),1943,Expresionistas e indigenistas de primera mitad del siglo XX,#000000,#281E14,#FFFF8B,#5D4E13,#C1B770,#6F6739,#FFFF8B,https://labtecnosocial.org/pinturasbo-explorer/pal/60_pal.png
61,https://labtecnosocial.org/pinturasbo-explorer/paint/61_paint.jpg,Desconocido,Gil Coimbra,Guerra del Chaco y socialismo militar (1932 - 1952),1932 - 1936,Expresionistas e indigenistas de primera mitad del siglo XX,#FBF5E5,#2F2A17,#45402D,#D4D0C7,#7E7966,#898472,#45402D,https://labtecnosocial.org/pinturasbo-explorer/pal/61_pal.png
62,https://labtecnosocial.org/pinturasbo-explorer/paint/62_paint.jpg,Músicos Indios,Gil Coimbra,Guerra del Chaco y socialismo militar (1932 - 1952),1937,Expresionistas e indigenistas de primera mitad del siglo XX,#B8C7C9,#1C211F,#D8AF43,#8FB3C3,#7F4045,#8E7F6F,#8FB3C3,https://labtecnosocial.org/pinturasbo-explorer/pal/62_pal.png
63,https://labtecnosocial.org/pinturasbo-explorer/paint/63_paint.jpg,Soldado Boliviano,Gil Coimbra,Guerra del Chaco y socialismo militar (1932 - 1952),1932 - 1936,Expresionistas e indigenistas de primera mitad del siglo XX,#A99B92,#94837C,#070000,#7B6C65,#25252D,#5E5452,#94837C,https://labtecnosocial.org/pinturasbo-explorer/pal/63_pal.png
64,https://labtecnosocial.org/pinturasbo-explorer/paint/64_paint.jpg,Indio,Jorge de la Reza,Guerra del Chaco y socialismo militar (1932 - 1952),1932,Expresionistas e indigenistas de primera mitad del siglo XX,#000000,#85550B,#64400A,#975622,#B96A2F,#704418,#B96A2F,https://labtecnosocial.org/pinturasbo-explorer/pal/64_pal.png
65,https://labtecnosocial.org/pinturasbo-explorer/paint/65_paint.jpg,La tea encendida,Arturo Reque Meruvia,Guerra del Chaco y socialismo militar (1932 - 1952),1942,Expresionistas e indigenistas de primera mitad del siglo XX,#FFFEFF,#33444E,#384951,#5E747F,#94A6BE,#76848F,#5E747F,https://labtecnosocial.org/pinturasbo-explorer/pal/65_pal.png
66,https://labtecnosocial.org/pinturasbo-explorer/paint/66_paint.jpg,Hoguera,Arturo Reque Meruvia,Guerra del Chaco y socialismo militar (1932 - 1952),1906 - 1967,Expresionistas e indigenistas de primera mitad del siglo XX,#000000,#4B351D,#FFBD42,#A54A1B,#B85D26,#855122,#A54A1B,https://labtecnosocial.org/pinturasbo-explorer/pal/66_pal.png
67,https://labtecnosocial.org/pinturasbo-explorer/paint/67_paint.jpg,Familia,Arturo Reque Meruvia,Guerra del Chaco y socialismo militar (1932 - 1952),,Expresionistas e indigenistas de primera mitad del siglo XX,#FFDC3A,#271815,#EEA22A,#773C1A,#B27429,#A27128,#FFDC3A,https://labtecnosocial.org/pinturasbo-explorer/pal/67_pal.png
68,https://labtecnosocial.org/pinturasbo-explorer/paint/68_paint.jpg,Entierro aymara,David Crespo Gastelú,Guerra del Chaco y socialismo militar (1932 - 1952),1942,Expresionistas e indigenistas de primera mitad del siglo XX,#DAEEEF,#170E05,#CD7B56,#B4A7AE,#494D50,#8A7871,#DAEEEF,https://labtecnosocial.org/pinturasbo-explorer/pal/68_pal.png
69,https://labtecnosocial.org/pinturasbo-explorer/paint/69_paint.jpg,Fiesta en Caquiaviri,David Crespo Gastelú,Guerra del Chaco y socialismo militar (1932 - 1952),1938,Expresionistas e indigenistas de primera mitad del siglo XX,#232323,#434341,#974918,#0656F5,#A77B58,#6D4B5A,#0656F5,https://labtecnosocial.org/pinturasbo-explorer/pal/69_pal.png
70,https://labtecnosocial.org/pinturasbo-explorer/paint/70_paint.jpg,Fiesta indígena,David Crespo Gastelú,Guerra del Chaco y socialismo militar (1932 - 1952),1932,Expresionistas e indigenistas de primera mitad del siglo XX,#3C312F,#7C7757,#746F4F,#BFA161,#C5A767,#887853,#C5A767,https://labtecnosocial.org/pinturasbo-explorer/pal/70_pal.png
71,https://labtecnosocial.org/pinturasbo-explorer/paint/71_paint.jpg,Entierro Indígena,David Crespo Gastelú,Guerra del Chaco y socialismo militar (1932 - 1952),1936,Expresionistas e indigenistas de primera mitad del siglo XX,#918D8E,#93A4AC,#5A5954,#6E6F69,#09090B,#626564,#93A4AC,https://labtecnosocial.org/pinturasbo-explorer/pal/71_pal.png
72,https://labtecnosocial.org/pinturasbo-explorer/paint/72_paint.jpg,Paisaje,Victor Arce Góngora,Guerra del Chaco y socialismo militar (1932 - 1952),,Expresionistas e indigenistas de primera mitad del siglo XX,#FFFFFF,#968188,#7A7C6E,#A3817A,#536B50,#9A948B,#968188,https://labtecnosocial.org/pinturasbo-explorer/pal/72_pal.png
73,https://labtecnosocial.org/pinturasbo-explorer/paint/73_paint.jpg,Paisaje del Valle,Raúl G. Prada,Guerra del Chaco y socialismo militar (1932 - 1952),1930,Expresionistas e indigenistas de primera mitad del siglo XX,#BABBB5,#000002,#649DBB,#8E8F89,#4D5629,#66706B,#649DBB,https://labtecnosocial.org/pinturasbo-explorer/pal/73_pal.png
74,https://labtecnosocial.org/pinturasbo-explorer/paint/74_paint.jpg,Parque del Tunari,Raúl G. Prada,Revolución Nacional (1952 - 1964),1954,Expresionistas e indigenistas de primera mitad del siglo XX,#3A362B,#8E8F8A,#DABD7B,#D2B675,#67583B,#90815F,#DABD7B,https://labtecnosocial.org/pinturasbo-explorer/pal/74_pal.png
75,https://labtecnosocial.org/pinturasbo-explorer/paint/75_paint.jpg,Chillijchi,Raúl G. Prada,Guerra del Chaco y socialismo militar (1932 - 1952),1940,Expresionistas e indigenistas de primera mitad del siglo XX,#667D9C,#9D8557,#636F47,#404B3D,#667846,#6B7059,#667846,https://labtecnosocial.org/pinturasbo-explorer/pal/75_pal.png
76,https://labtecnosocial.org/pinturasbo-explorer/paint/76_paint.jpg,Lluvia y frío en el frente,Raúl G. Prada,Guerra del Chaco y socialismo militar (1932 - 1952),1934,Expresionistas e indigenistas de primera mitad del siglo XX,#231F16,#403A2A,#7E7963,#837E68,#DFDAC6,#716B5A,#837E68,https://labtecnosocial.org/pinturasbo-explorer/pal/76_pal.png
77,https://labtecnosocial.org/pinturasbo-explorer/paint/77_paint.jpg,Cáctu en el Chaco,Raúl G. Prada,Guerra del Chaco y socialismo militar (1932 - 1952),1934,Expresionistas e indigenistas de primera mitad del siglo XX,#BEBAAF,#ADAEA9,#C19F79,#422227,#A66957,#9E8274,#A66957,https://labtecnosocial.org/pinturasbo-explorer/pal/77_pal.png
78,https://labtecnosocial.org/pinturasbo-explorer/paint/78_paint.jpg,Río Pilcomayo,Raúl G. Prada,Guerra del Chaco y socialismo militar (1932 - 1952),1934,Expresionistas e indigenistas de primera mitad del siglo XX,#7B6E77,#766972,#3A3934,#999087,#AD763D,#7E6A60,#7B6E77,https://labtecnosocial.org/pinturasbo-explorer/pal/78_pal.png
79,https://labtecnosocial.org/pinturasbo-explorer/paint/79_paint.jpg,Niña en el río,Mario Unzueta,Guerra del Chaco y socialismo militar (1932 - 1952),1945,Expresionistas e indigenistas de primera mitad del siglo XX,#272532,#505044,#8A826D,#C7C19F,#A2A882,#797766,#A2A882,https://labtecnosocial.org/pinturasbo-explorer/pal/79_pal.png
80,https://labtecnosocial.org/pinturasbo-explorer/paint/80_paint.jpg,Llegando a Cochabamba,Jaime Arze Gongora,Guerra del Chaco y socialismo militar (1932 - 1952),1936,Expresionistas e indigenistas de primera mitad del siglo XX,#FFFFFF,#C1AAAA,#6C6D78,#0F0300,#C6905C,#97847C,#C6905C,https://labtecnosocial.org/pinturasbo-explorer/pal/80_pal.png
81,https://labtecnosocial.org/pinturasbo-explorer/paint/81_paint.jpg,Machu-Picchu,Humberto Bedregal,Guerra del Chaco y socialismo militar (1932 - 1952),1948,Expresionistas e indigenistas de primera mitad del siglo XX,#FFFFFF,#87A694,#C9C28A,#2A4535,#698A77,#92A28C,#87A694,https://labtecnosocial.org/pinturasbo-explorer/pal/81_pal.png
82,https://labtecnosocial.org/pinturasbo-explorer/paint/82_paint.jpg,Capilla del pueblo,Mario Unzueta,Revolución Nacional (1952 - 1964),1955,Expresionistas e indigenistas de primera mitad del siglo XX,#FFFFFF,#302F28,#665757,#7D696D,#9D909A,#877C7D,#7D696D,https://labtecnosocial.org/pinturasbo-explorer/pal/82_pal.png
83,https://labtecnosocial.org/pinturasbo-explorer/paint/83_paint.jpg,Toros en Yotala,Walter Solón Romero,Revolución Nacional (1952 - 1964),1959,Pintores sociales de la Revolución del 52,#FFFFFF,#E3A94A,#E2C997,#272E2E,#604646,#A79075,#E3A94A,https://labtecnosocial.org/pinturasbo-explorer/pal/83_pal.png
84,https://labtecnosocial.org/pinturasbo-explorer/paint/84_paint.jpg,El pasado de la Revolución de 1952,Walter Solón Romero,Revolución Nacional (1952 - 1964),1963,Pintores sociales de la Revolución del 52,#CABDAC,#3C3C3E,#84909C,#C0A465,#67695C,#898374,#C0A465,https://labtecnosocial.org/pinturasbo-explorer/pal/84_pal.png
85,https://labtecnosocial.org/pinturasbo-explorer/paint/85_paint.jpg,El retrato de un Pueblo,Walter Solón Romero,Revolución Nacional (1952 - 1964),1986 - 1988,Pintores sociales de la Revolución del 52,#686B58,#6995B2,#727759,#9FB2AC,#28272C,#697470,#6995B2,https://labtecnosocial.org/pinturasbo-explorer/pal/85_pal.png
86,https://labtecnosocial.org/pinturasbo-explorer/paint/86_paint.jpg,El Kusillo,Walter Solón Romero,Revolución Nacional (1952 - 1964),,Pintores sociales de la Revolución del 52,#101D2E,#720000,#0F2135,#CEAD00,#FFFEE9,#7D6049,#720000,https://labtecnosocial.org/pinturasbo-explorer/pal/86_pal.png
87,https://labtecnosocial.org/pinturasbo-explorer/paint/87_paint.jpg,Rebelión,Walter Solón Romero,Revolución Nacional (1952 - 1964),,Pintores sociales de la Revolución del 52,#9DA2A6,#0E0000,#59738E,#E66500,#FE0000,#9C5946,#E66500,https://labtecnosocial.org/pinturasbo-explorer/pal/87_pal.png
88,https://labtecnosocial.org/pinturasbo-explorer/paint/88_paint.jpg,Manifestación popular,Lorgio Vaca,Revolución Nacional (1952 - 1964),1963,Pintores sociales de la Revolución del 52,#040000,#FFFFFD,#CAA145,#962002,#092557,#835E52,#CAA145,https://labtecnosocial.org/pinturasbo-explorer/pal/88_pal.png
89,https://labtecnosocial.org/pinturasbo-explorer/paint/89_paint.jpg,Maiz,Lorgio Vaca,Revolución Nacional (1952 - 1964),1963,Pintores sociales de la Revolución del 52,#FFFFFF,#BEC2CB,#91825B,#9EAAA0,#000100,#93928A,#BEC2CB,https://labtecnosocial.org/pinturasbo-explorer/pal/89_pal.png
90,https://labtecnosocial.org/pinturasbo-explorer/paint/90_paint.jpg,La energía de la Tierra,Lorgio Vaca,Revolución Nacional (1952 - 1964),,Pintores sociales de la Revolución del 52,#1C151C,#D45739,#FFE1AD,#403C53,#8E9FCD,#8E6C6B,#D45739,https://labtecnosocial.org/pinturasbo-explorer/pal/90_pal.png
91,https://labtecnosocial.org/pinturasbo-explorer/paint/91_paint.jpg,Petroleo en Bolivia,Miguel Alandia,Revolución Nacional (1952 - 1964),1957,Pintores sociales de la Revolución del 52,#000000,#FFFFFF,#1D393C,#CF3221,#315BA3,#755B63,#CF3221,https://labtecnosocial.org/pinturasbo-explorer/pal/91_pal.png
92,https://labtecnosocial.org/pinturasbo-explorer/paint/92_paint.jpg,La educación,Miguel Alandia,Revolución Nacional (1952 - 1964),1960,Pintores sociales de la Revolución del 52,#000000,#5B1B00,#584D4B,#BA9C3A,#FFD237,#7A5B2A,#BA9C3A,https://labtecnosocial.org/pinturasbo-explorer/pal/92_pal.png
93,https://labtecnosocial.org/pinturasbo-explorer/paint/93_paint.jpg,Radiodifusión,Miguel Alandia,Revolución Nacional (1952 - 1964),1962,Pintores sociales de la Revolución del 52,#110C08,#362A1C,#FFFF6D,#575E4C,#F9AC20,#7F6E36,#575E4C,https://labtecnosocial.org/pinturasbo-explorer/pal/93_pal.png
94,https://labtecnosocial.org/pinturasbo-explorer/paint/94_paint.jpg,Huelga,Miguel Alandia,Revolución Nacional (1952 - 1964),1954,Pintores sociales de la Revolución del 52,#FDFDFD,#111619,#585753,#626461,#9D9070,#76756E,#9D9070,https://labtecnosocial.org/pinturasbo-explorer/pal/94_pal.png
95,https://labtecnosocial.org/pinturasbo-explorer/paint/95_paint.jpg,Entierro,Miguel Alandia,Revolución Nacional (1952 - 1964),1958,Pintores sociales de la Revolución del 52,#4D4F4C,#494B48,#6E727B,#FF7C34,#823F2E,#845C4B,#FF7C34,https://labtecnosocial.org/pinturasbo-explorer/pal/95_pal.png
96,https://labtecnosocial.org/pinturasbo-explorer/paint/96_paint.jpg,Control obrero,Miguel Alandia,Revolución Nacional (1952 - 1964),,Pintores sociales de la Revolución del 52,#0E382A,#055765,#BE9C3B,#F0E3D0,#893837,#7F735C,#055765,https://labtecnosocial.org/pinturasbo-explorer/pal/96_pal.png
97,https://labtecnosocial.org/pinturasbo-explorer/paint/97_paint.jpg,Pan,Jorge Imana,Revolución Nacional (1952 - 1964),1956,Pintores sociales de la Revolución del 52,#493340,#B3A8AC,#B2A7AB,#525975,#312F3A,#6F6673,#525975,https://labtecnosocial.org/pinturasbo-explorer/pal/97_pal.png
98,https://labtecnosocial.org/pinturasbo-explorer/paint/98_paint.jpg,Recogiendo coles,Gil Imaná,Revolución Nacional (1952 - 1964),1959,Pintores sociales de la Revolución del 52,#C1C1C1,#5E0000,#A6A6A4,#924E5B,#7F262C,#97615F,#924E5B,https://labtecnosocial.org/pinturasbo-explorer/pal/98_pal.png
99,https://labtecnosocial.org/pinturasbo-explorer/paint/99_paint.jpg,Encarcelado,Gil Imaná,Revolución Nacional (1952 - 1964),1960,Pintores sociales de la Revolución del 52,#FFFFFF,#B9977D,#85594E,#543834,#84584D,#9D7D72,#85594E,https://labtecnosocial.org/pinturasbo-explorer/pal/99_pal.png
100,https://labtecnosocial.org/pinturasbo-explorer/paint/100_paint.jpg,Mujer,Gil Imaná,Dictaduras (1964 - 1982),1970,Pintores sociales de la Revolución del 52,#E1D9E1,#CCBEBC,#2E2721,#614B3D,#9A7661,#8F7C75,#9A7661,https://labtecnosocial.org/pinturasbo-explorer/pal/100_pal.png
101,https://labtecnosocial.org/pinturasbo-explorer/paint/101_paint.jpg,Tiempo de soledades,Gil Imaná,Dictaduras (1964 - 1982),1977,Pintores sociales de la Revolución del 52,#DED7D1,#B6AFA9,#755E4C,#918A84,#1F1611,#897D75,#B6AFA9,https://labtecnosocial.org/pinturasbo-explorer/pal/101_pal.png
102,https://labtecnosocial.org/pinturasbo-explorer/paint/102_paint.jpg,Cumbres de los Andes,Gil Imaná,Dictaduras (1964 - 1982),1987,Pintores sociales de la Revolución del 52,#E8E4E5,#1C232B,#6F706A,#393A3F,#DCAF78,#7E766E,#1C232B,https://labtecnosocial.org/pinturasbo-explorer/pal/102_pal.png
103,https://labtecnosocial.org/pinturasbo-explorer/paint/103_paint.jpg,Alegoría de la Medicina,Gil Imaná,Dictaduras (1964 - 1982),1982,Pintores sociales de la Revolución del 52,#FFFFFF,#ABABAB,#555555,#303832,#908D9C,#898A8C,#908D9C,https://labtecnosocial.org/pinturasbo-explorer/pal/103_pal.png
104,https://labtecnosocial.org/pinturasbo-explorer/paint/104_paint.jpg,Espacial,María Luisa Pacheco,Revolución Nacional (1952 - 1964),1961,Pintores abstractos,#73767D,#8B8E95,#030207,#C4CBD5,#5A5D64,#6A6D74,#8B8E95,https://labtecnosocial.org/pinturasbo-explorer/pal/104_pal.png
105,https://labtecnosocial.org/pinturasbo-explorer/paint/105_paint.jpg,Andes,Maria Luisa Pacheco,Dictaduras (1964 - 1982),1967,Pintores abstractos,#FFFFFF,#58778B,#C0BDB6,#527185,#463325,#898E92,#58778B,https://labtecnosocial.org/pinturasbo-explorer/pal/105_pal.png
106,https://labtecnosocial.org/pinturasbo-explorer/paint/106_paint.jpg,Sin Título,María Luisa Pacheco,Dictaduras (1964 - 1982),1978,Pintores abstractos,#FFFFFF,#E3DEDF,#A2C1E7,#72AEE6,#4671B9,#AABEE1,#72AEE6,https://labtecnosocial.org/pinturasbo-explorer/pal/106_pal.png
107,https://labtecnosocial.org/pinturasbo-explorer/paint/107_paint.jpg,Fuga,María Luisa Pacheco,Dictaduras (1964 - 1982),1967,Pintores abstractos,#FFFFFF,#212624,#4C1612,#383838,#989CA4,#716563,#989CA4,https://labtecnosocial.org/pinturasbo-explorer/pal/107_pal.png
108,https://labtecnosocial.org/pinturasbo-explorer/paint/108_paint.jpg,Dominante en azul,Alfredo La Placa,Dictaduras (1964 - 1982),1960,Pintores abstractos,#020401,#1D4078,#1B4786,#061765,#A8892E,#413A53,#1B4786,https://labtecnosocial.org/pinturasbo-explorer/pal/108_pal.png
109,https://labtecnosocial.org/pinturasbo-explorer/paint/109_paint.jpg,Kechua Io,Rudy Ayoroa,Dictaduras (1964 - 1982),1979,Pintores abstractos,#FEFEFC,#D30F10,#820000,#F1B2A9,#C14346,#D67162,#D30F10,https://labtecnosocial.org/pinturasbo-explorer/pal/109_pal.png
110,https://labtecnosocial.org/pinturasbo-explorer/paint/110_paint.jpg,Abstracto (Tríptico),Alfredo La Placa,Dictaduras (1964 - 1982),,Pintores abstractos,#000000,#4E5450,#DBB576,#83847F,#936332,#72614B,#DBB576,https://labtecnosocial.org/pinturasbo-explorer/pal/110_pal.png
111,https://labtecnosocial.org/pinturasbo-explorer/paint/111_paint.jpg,Piedra ritual III,Alfredo La Placa,Gobiernos neoliberales (1982 - 2006),,Pintores abstractos,#141318,#E8DABF,#CEBEA5,#3B393A,#7A6D64,#7B7268,#E8DABF,https://labtecnosocial.org/pinturasbo-explorer/pal/111_pal.png
112,https://labtecnosocial.org/pinturasbo-explorer/paint/112_paint.jpg,Espacio Amalgama III,Alfredo La Placa,Gobiernos neoliberales (1982 - 2006),1983,Pintores abstractos,#37312D,#FFFFFF,#56463F,#B89F7F,#918E8B,#8E837A,#B89F7F,https://labtecnosocial.org/pinturasbo-explorer/pal/112_pal.png
113,https://labtecnosocial.org/pinturasbo-explorer/paint/113_paint.jpg,Las últimas señales sobre los ardientes cielos rupestres del sur nro 7,Oscar Pantoja,Gobiernos neoliberales (1982 - 2006),1991,Pintores abstractos,#D5945C,#D49862,#E7B175,#CA834F,#B27642,#CF915A,#E7B175,https://labtecnosocial.org/pinturasbo-explorer/pal/113_pal.png
114,https://labtecnosocial.org/pinturasbo-explorer/paint/114_paint.jpg,Desconocido,Rudy Ayoroa,Gobiernos neoliberales (1982 - 2006),,Pintores abstractos,#FFFFFF,#FE2A02,#5477B9,#D50100,#500202,#C1625B,#FE2A02,https://labtecnosocial.org/pinturasbo-explorer/pal/114_pal.png
115,https://labtecnosocial.org/pinturasbo-explorer/paint/115_paint.jpg,Desconocido,Rudy Ayoroa,Gobiernos neoliberales (1982 - 2006),,Pintores abstractos,#2086B7,#4FABC2,#5F98A9,#024884,#8F7D79,#5682A0,#4FABC2,https://labtecnosocial.org/pinturasbo-explorer/pal/115_pal.png
116,https://labtecnosocial.org/pinturasbo-explorer/paint/116_paint.jpg,Espacios,Rudy Ayoroa,Gobiernos neoliberales (1982 - 2006),1983,Pintores abstractos,#393B54,#434679,#6DCDFF,#4275E0,#FF4F64,#826C9B,#6DCDFF,https://labtecnosocial.org/pinturasbo-explorer/pal/116_pal.png
117,https://labtecnosocial.org/pinturasbo-explorer/paint/117_paint.jpg,Encuentro,Alfredo La Placa,Estado Plurinacional (2006 - presente),2006,Pintores abstractos,#0C0C0C,#323031,#504F4B,#BAA878,#AD9B6B,#615947,#BAA878,https://labtecnosocial.org/pinturasbo-explorer/pal/117_pal.png
118,https://labtecnosocial.org/pinturasbo-explorer/paint/118_paint.jpg,Enigma,Oscar Pantoja,Dictaduras (1964 - 1982),1977,Pintores abstractos,#D5E1E4,#B9CED8,#A4B9B9,#445C54,#628A84,#90A8A7,#628A84,https://labtecnosocial.org/pinturasbo-explorer/pal/118_pal.png
119,https://labtecnosocial.org/pinturasbo-explorer/paint/119_paint.jpg,Sin título,Oscar Pantoja,Dictaduras (1964 - 1982),1962,Pintores abstractos,#F6F6F6,#000102,#A16E44,#6F4B38,#B68B41,#8B6F55,#A16E44,https://labtecnosocial.org/pinturasbo-explorer/pal/119_pal.png
120,https://labtecnosocial.org/pinturasbo-explorer/paint/120_paint.jpg,Subconscious of the inconscious,Alfredo Da Silva,Dictaduras (1964 - 1982),1968,Pintores abstractos,#FFFFFF,#120B14,#313437,#FF272E,#6F676E,#8A605D,#FF272E,https://labtecnosocial.org/pinturasbo-explorer/pal/120_pal.png
121,https://labtecnosocial.org/pinturasbo-explorer/paint/121_paint.jpg,Luz Astral,Alfredo Da Silva,Dictaduras (1964 - 1982),1974,Pintores abstractos,#FFFFFF,#D1C7C5,#374543,#3C4A45,#6F8169,#868E87,#6F8169,https://labtecnosocial.org/pinturasbo-explorer/pal/121_pal.png
122,https://labtecnosocial.org/pinturasbo-explorer/paint/122_paint.jpg,Aimara io,Rudy Ayoroa,Dictaduras (1964 - 1982),1978,Pintores abstractos,#AFD5A2,#FEFEFC,#CDDB90,#C06090,#4B4791,#B9AAAA,#AFD5A2,https://labtecnosocial.org/pinturasbo-explorer/pal/122_pal.png
123,https://labtecnosocial.org/pinturasbo-explorer/paint/123_paint.jpg,Madre e hija,María Esther Ballivián,Dictaduras (1964 - 1982),,Pintores abstractos,#000C36,#FFFEFF,#3159A1,#AAA878,#5C3846,#766E82,#3159A1,https://labtecnosocial.org/pinturasbo-explorer/pal/123_pal.png
124,https://labtecnosocial.org/pinturasbo-explorer/paint/124_paint.jpg,Desconocido,María Esther Ballivián,Dictaduras (1964 - 1982),,Pintores abstractos,#261420,#FFFEFF,#6F4A73,#896775,#BA7263,#906D78,#6F4A73,https://labtecnosocial.org/pinturasbo-explorer/pal/124_pal.png
125,https://labtecnosocial.org/pinturasbo-explorer/paint/125_paint.jpg,Estructura No 24,Herminio Forno,Dictaduras (1964 - 1982),,Pintores abstractos,#A3B3B2,#9AA6A6,#312F30,#474747,#696969,#6B6F6F,#9AA6A6,https://labtecnosocial.org/pinturasbo-explorer/pal/125_pal.png
126,https://labtecnosocial.org/pinturasbo-explorer/paint/126_paint.jpg,Estructuras,Herminio Forno,Gobiernos liberales y republicanos (1880 - 1932),1927,Pintores abstractos,#000001,#F7CF00,#252A2D,#535857,#998974,#665B3D,#F7CF00,https://labtecnosocial.org/pinturasbo-explorer/pal/126_pal.png
127,https://labtecnosocial.org/pinturasbo-explorer/paint/127_paint.jpg,Laberinto,Enrique Arnal,Dictaduras (1964 - 1982),1975,Tendencia nacional,#FEFAF7,#010101,#2E2F2A,#42474B,#C2A2AD,#6B6567,#42474B,https://labtecnosocial.org/pinturasbo-explorer/pal/127_pal.png
128,https://labtecnosocial.org/pinturasbo-explorer/paint/128_paint.jpg,Cóndor II,Enrique Arnal,Dictaduras (1964 - 1982),1975,Tendencia nacional,#1F1B18,#292420,#A78C6E,#947E66,#4A4B4F,#5A4E44,#4A4B4F,https://labtecnosocial.org/pinturasbo-explorer/pal/128_pal.png
129,https://labtecnosocial.org/pinturasbo-explorer/paint/129_paint.jpg,Charangos,Enrique Arnal,Revolución Nacional (1952 - 1964),1955,Tendencia nacional,#FFE365,#F8F5F0,#DA624A,#323232,#BFC0BA,#C2A081,#FFE365,https://labtecnosocial.org/pinturasbo-explorer/pal/129_pal.png
130,https://labtecnosocial.org/pinturasbo-explorer/paint/130_paint.jpg,Descanso,Enrique Arnal,Revolución Nacional (1952 - 1964),1957,Tendencia nacional,#645337,#78684F,#0C0B06,#FFC13C,#A28F6F,#7E6840,#FFC13C,https://labtecnosocial.org/pinturasbo-explorer/pal/130_pal.png
131,https://labtecnosocial.org/pinturasbo-explorer/paint/131_paint.jpg,Altiplano,Fernando Montes,Dictaduras (1964 - 1982),1975,Tendencia nacional,#E2E6EC,#ABA8BA,#31312C,#48423C,#6F635A,#7B7777,#48423C,https://labtecnosocial.org/pinturasbo-explorer/pal/131_pal.png
132,https://labtecnosocial.org/pinturasbo-explorer/paint/132_paint.jpg,Los Machu machus,Gíldaro Antezana,Dictaduras (1964 - 1982),1971,Tendencia nacional,#A2936C,#34321B,#1E1F11,#988864,#534D33,#5D563B,#988864,https://labtecnosocial.org/pinturasbo-explorer/pal/132_pal.png
133,https://labtecnosocial.org/pinturasbo-explorer/paint/133_paint.jpg,Imilla,Ruperto Salvatierra,Dictaduras (1964 - 1982),,Tendencia nacional,#C7C3B7,#1E201B,#8A662A,#A6A893,#4B4330,#786E57,#8A662A,https://labtecnosocial.org/pinturasbo-explorer/pal/133_pal.png
134,https://labtecnosocial.org/pinturasbo-explorer/paint/134_paint.jpg,Feria I,Moises Chire Barrientos,Dictaduras (1964 - 1982),,Tendencia nacional,#BDB9A0,#A93413,#4B473C,#5F5D48,#909382,#8A6F57,#A93413,https://labtecnosocial.org/pinturasbo-explorer/pal/134_pal.png
135,https://labtecnosocial.org/pinturasbo-explorer/paint/135_paint.jpg,Vendedora de mercado,Moises Chire Barrientos,Dictaduras (1964 - 1982),1960,Tendencia nacional,#363229,#D2594C,#AB5E56,#804E46,#E08E8F,#9C5B52,#D2594C,https://labtecnosocial.org/pinturasbo-explorer/pal/135_pal.png
136,https://labtecnosocial.org/pinturasbo-explorer/paint/136_paint.jpg,Día de campo,Carmen Baptista,Dictaduras (1964 - 1982),1975,Tendencia nacional,#FFFFFF,#FF9740,#5F2E2A,#1F2625,#236C3C,#897559,#236C3C,https://labtecnosocial.org/pinturasbo-explorer/pal/136_pal.png
137,https://labtecnosocial.org/pinturasbo-explorer/paint/137_paint.jpg,Composición,Herminio Pedraza,Dictaduras (1964 - 1982),,Tendencia nacional,#FEFF73,#061534,#1C318C,#5C2925,#CCB124,#7F6653,#FEFF73,https://labtecnosocial.org/pinturasbo-explorer/pal/137_pal.png
138,https://labtecnosocial.org/pinturasbo-explorer/paint/138_paint.jpg,Muchacha,Herminio Pedraza,Dictaduras (1964 - 1982),1983,Tendencia nacional,#1C1C1E,#A74D50,#D490B7,#2872C5,#6273A6,#785F80,#2872C5,https://labtecnosocial.org/pinturasbo-explorer/pal/138_pal.png
139,https://labtecnosocial.org/pinturasbo-explorer/paint/139_paint.jpg,El curichi,Herminio Pedraza,Dictaduras (1964 - 1982),,Tendencia nacional,#000200,#14263A,#C8A845,#D5BC55,#793C5E,#6E5841,#C8A845,https://labtecnosocial.org/pinturasbo-explorer/pal/139_pal.png
140,https://labtecnosocial.org/pinturasbo-explorer/paint/140_paint.jpg,Caytano,Gíldaro Antezana,Dictaduras (1964 - 1982),1972,Tendencia nacional,#322F1E,#312E1D,#C6B695,#918471,#776C50,#6E654E,#C6B695,https://labtecnosocial.org/pinturasbo-explorer/pal/140_pal.png
141,https://labtecnosocial.org/pinturasbo-explorer/paint/141_paint.jpg,El aguatero,Gíldaro Antezana,Dictaduras (1964 - 1982),,Tendencia nacional,#25292C,#4B3F31,#A5998B,#747162,#665545,#625A4F,#A5998B,https://labtecnosocial.org/pinturasbo-explorer/pal/141_pal.png
142,https://labtecnosocial.org/pinturasbo-explorer/paint/142_paint.jpg,Rostro Asado,Gíldaro Antezana,Dictaduras (1964 - 1982),1975,Tendencia nacional,#827843,#211610,#836F32,#5C4519,#B9A08A,#715E3A,#827843,https://labtecnosocial.org/pinturasbo-explorer/pal/142_pal.png
143,https://labtecnosocial.org/pinturasbo-explorer/paint/143_paint.jpg,El hombre de la vela,Gíldaro Antezana,Dictaduras (1964 - 1982),1975,Tendencia nacional,#C6B694,#A6956A,#382C2C,#766C49,#FAEEE2,#9B8D75,#A6956A,https://labtecnosocial.org/pinturasbo-explorer/pal/143_pal.png
144,https://labtecnosocial.org/pinturasbo-explorer/paint/144_paint.jpg,Llojeta,Fernando Montes,Dictaduras (1964 - 1982),1960,Tendencia nacional,#030504,#C0B7BC,#95929B,#472C25,#967458,#70605B,#967458,https://labtecnosocial.org/pinturasbo-explorer/pal/144_pal.png
145,https://labtecnosocial.org/pinturasbo-explorer/paint/145_paint.jpg,Figura,Fernando Montes,Dictaduras (1964 - 1982),1981,Tendencia nacional,#BF9B79,#EEC79C,#1A0001,#9F550C,#A55B12,#99683F,#A55B12,https://labtecnosocial.org/pinturasbo-explorer/pal/145_pal.png
146,https://labtecnosocial.org/pinturasbo-explorer/paint/146_paint.jpg,Gente,Fernando Montes,Dictaduras (1964 - 1982),1981,Tendencia nacional,#FFDFB8,#F8CBA2,#0C0000,#64370E,#A07250,#967355,#64370E,https://labtecnosocial.org/pinturasbo-explorer/pal/146_pal.png
147,https://labtecnosocial.org/pinturasbo-explorer/paint/147_paint.jpg,El charco,Ruperto Salvatierra,Dictaduras (1964 - 1982),1978,Tendencia nacional,#4E8BC5,#F5FFFF,#003886,#1E292D,#D5555B,#81718E,#4E8BC5,https://labtecnosocial.org/pinturasbo-explorer/pal/147_pal.png
148,https://labtecnosocial.org/pinturasbo-explorer/paint/148_paint.jpg,Mujer y espejo,Enrique Arnal,Gobiernos neoliberales (1982 - 2006),1986,Tendencia nacional,#1A1627,#81FFFE,#98805A,#65B9FF,#604B48,#6F8089,#65B9FF,https://labtecnosocial.org/pinturasbo-explorer/pal/148_pal.png
149,https://labtecnosocial.org/pinturasbo-explorer/paint/149_paint.jpg,Montaña,Enrique Arnal,Gobiernos neoliberales (1982 - 2006),1987,Tendencia nacional,#070300,#DEDCE1,#71726C,#2D1306,#4D3A29,#5A4F48,#2D1306,https://labtecnosocial.org/pinturasbo-explorer/pal/149_pal.png
150,https://labtecnosocial.org/pinturasbo-explorer/paint/150_paint.jpg,City of the sun,Fernando Montes,Gobiernos neoliberales (1982 - 2006),1989,Tendencia nacional,#FFFFFF,#33383C,#DDCDBD,#75625E,#AA9383,#A0958F,#75625E,https://labtecnosocial.org/pinturasbo-explorer/pal/150_pal.png
151,https://labtecnosocial.org/pinturasbo-explorer/paint/151_paint.jpg,La Tortillería,Ricardo Pérez Alcalá,Gobiernos neoliberales (1982 - 2006),1985,Tendencia nacional,#10120D,#C9BAA7,#76644C,#6E5C44,#97856D,#746754,#C9BAA7,https://labtecnosocial.org/pinturasbo-explorer/pal/151_pal.png
152,https://labtecnosocial.org/pinturasbo-explorer/paint/152_paint.jpg,Apocalipsis,Ricardo Pérez Alcalá,Gobiernos neoliberales (1982 - 2006),,Tendencia nacional,#FFFFFF,#0F0000,#6475A0,#4A5B86,#927066,#756F7F,#6475A0,https://labtecnosocial.org/pinturasbo-explorer/pal/152_pal.png
153,https://labtecnosocial.org/pinturasbo-explorer/paint/153_paint.jpg,Reclinado sobre mi tumba,Ricardo Pérez Alcalá,Gobiernos neoliberales (1982 - 2006),1992,Tendencia nacional,#282B24,#9D9AA3,#B7B4C5,#2F322B,#7F7569,#6C6A69,#B7B4C5,https://labtecnosocial.org/pinturasbo-explorer/pal/153_pal.png
154,https://labtecnosocial.org/pinturasbo-explorer/paint/154_paint.jpg,Desconocido,Ricardo Pérez Alcalá,Gobiernos neoliberales (1982 - 2006),,Tendencia nacional,#CDBEA1,#494230,#47402E,#8D7E6B,#AC9D88,#827762,#CDBEA1,https://labtecnosocial.org/pinturasbo-explorer/pal/154_pal.png
155,https://labtecnosocial.org/pinturasbo-explorer/paint/155_paint.jpg,Chagas,Ricardo Pérez Alcalá,Gobiernos neoliberales (1982 - 2006),,Tendencia nacional,#161817,#F7EEE9,#353533,#A6AAB5,#6D7896,#73747B,#6D7896,https://labtecnosocial.org/pinturasbo-explorer/pal/155_pal.png
156,https://labtecnosocial.org/pinturasbo-explorer/paint/156_paint.jpg,Chica en el charco,Ruperto Salvatierra,Gobiernos neoliberales (1982 - 2006),1987,Tendencia nacional,#0A0C12,#D2CEE6,#B9ADCF,#61423B,#795249,#7B6870,#B9ADCF,https://labtecnosocial.org/pinturasbo-explorer/pal/156_pal.png
157,https://labtecnosocial.org/pinturasbo-explorer/paint/157_paint.jpg,Kia-Ora,Gastón Ugalde,Gobiernos neoliberales (1982 - 2006),1984,La nueva generación,#ECECEC,#101217,#25364C,#BDBEBA,#8B8A88,#777A7F,#25364C,https://labtecnosocial.org/pinturasbo-explorer/pal/157_pal.png
158,https://labtecnosocial.org/pinturasbo-explorer/paint/158_paint.jpg,Franz Tamayo,Roberto Valcárcel,Gobiernos neoliberales (1982 - 2006),1984,La nueva generación,#FFFFFF,#000000,#CCCBD2,#00695A,#8BA2A3,#7A8D8B,#CCCBD2,https://labtecnosocial.org/pinturasbo-explorer/pal/158_pal.png
159,https://labtecnosocial.org/pinturasbo-explorer/paint/159_paint.jpg,Torturado,Roberto Valcárcel,Dictaduras (1964 - 1982),1979,La nueva generación,#FFFFFF, #2F2B28,#413C38,#5F5A56,#EBC8A0,#877D73,#EBC8A0,https://labtecnosocial.org/pinturasbo-explorer/pal/159_pal.png
160,https://labtecnosocial.org/pinturasbo-explorer/paint/160_paint.jpg,Frío,Teresa Cordova,Dictaduras (1964 - 1982),1981,La nueva generación,#FFFFFF,#252C2F,#6B403D,#AE5047,#B08769,#967168,#B08769,https://labtecnosocial.org/pinturasbo-explorer/pal/160_pal.png
161,https://labtecnosocial.org/pinturasbo-explorer/paint/161_paint.jpg,Desconocido,Roberto Valcárcel,Gobiernos neoliberales (1982 - 2006),,La nueva generación,#302C29,#E6E7E9,#B98049,#DDA663,#AF7A4E,#AC8867,#302C29,https://labtecnosocial.org/pinturasbo-explorer/pal/161_pal.png
162,https://labtecnosocial.org/pinturasbo-explorer/paint/162_paint.jpg,Bolivia pagará su deuda externa,Edgar Arandia,Gobiernos neoliberales (1982 - 2006),1984,La nueva generación,#FFFFFF,#F2DBC4,#0B0301,#9B8071,#3B342F,#8A7E75,#9B8071,https://labtecnosocial.org/pinturasbo-explorer/pal/162_pal.png
163,https://labtecnosocial.org/pinturasbo-explorer/paint/163_paint.jpg,Interrogatorio,Edgar Arandia,Gobiernos neoliberales (1982 - 2006),1984,La nueva generación,#261C18,#D58B59, #BB7E5A,#A56E4C,#463027,#83583F,#A56E4C,https://labtecnosocial.org/pinturasbo-explorer/pal/163_pal.png
164,https://labtecnosocial.org/pinturasbo-explorer/paint/164_paint.jpg,La vendedora,Tito Kuramoto,Gobiernos neoliberales (1982 - 2006),,La nueva generación,#BE874E,#E2AA5F,#785C46,#4B383E,#B67A44,#9D724B,#E2AA5F,https://labtecnosocial.org/pinturasbo-explorer/pal/164_pal.png
165,https://labtecnosocial.org/pinturasbo-explorer/paint/165_paint.jpg,En glorioso esplendor conservemos,Gastón Ugalde,Dictaduras (1964 - 1982),1975,La nueva generación,#000000,#FFFFFF,#E3DAD9,#3A413F,#A4949E,#878485,#E3DAD9,https://labtecnosocial.org/pinturasbo-explorer/pal/165_pal.png
166,https://labtecnosocial.org/pinturasbo-explorer/paint/166_paint.jpg,Mujer paceña,Carmen Torres,Gobiernos neoliberales (1982 - 2006),1987,La nueva generación,#424169,#4E5069,#706488,#E3C4C9,#B7A2C3,#847794,#706488,https://labtecnosocial.org/pinturasbo-explorer/pal/166_pal.png
167,https://labtecnosocial.org/pinturasbo-explorer/paint/167_paint.jpg,Coca,Sol Mateo,Gobiernos neoliberales (1982 - 2006),1986,La nueva generación,#FFFFFF,#212624,#384249,#555A67,#8790AB,#6D727B,#555A67,https://labtecnosocial.org/pinturasbo-explorer/pal/167_pal.png
168,https://labtecnosocial.org/pinturasbo-explorer/paint/168_paint.jpg,Campesino,Gastón Ugalde,Gobiernos neoliberales (1982 - 2006),1994,La nueva generación,#00000C,#FFFFFD,#ADA39A,#9A918A,#273041,#787578,#9A918A,https://labtecnosocial.org/pinturasbo-explorer/pal/168_pal.png
169,https://labtecnosocial.org/pinturasbo-explorer/paint/169_paint.jpg,Horneando Tortas,Tito Kuramoto,Dictaduras (1964 - 1982),1977,La nueva generación,#FFFFFF,#050004,#5C5A54,#FF977C,#31303B,#7F6965,#FF977C,https://labtecnosocial.org/pinturasbo-explorer/pal/169_pal.png
170,https://labtecnosocial.org/pinturasbo-explorer/paint/170_paint.jpg,Madre Tierra,Rosmery Mamani,Estado Plurinacional (2006 - presente),,Artistas contemporáneos,#4C535B,#919CB8,#6A7686,#17201B,#ACB0CB,#666F7C,#ACB0CB,https://labtecnosocial.org/pinturasbo-explorer/pal/170_pal.png
171,https://labtecnosocial.org/pinturasbo-explorer/paint/171_paint.jpg,El amor primitivo,Tito Kuramoto,Estado Plurinacional (2006 - presente),2006,La nueva generación,#3E2A1F,#8A7A6B,#D6A852,#C56B39,#FFC593,#AC7D54,#C56B39,https://labtecnosocial.org/pinturasbo-explorer/pal/171_pal.png
172,https://labtecnosocial.org/pinturasbo-explorer/paint/172_paint.jpg,Juntucha de Apus,Roberto Mamani Mamani,Estado Plurinacional (2006 - presente),,Artistas contemporáneos,#FEFEFE,#AD3223,#1A1712,#F8E823,#544759,#9E7B59,#F8E823,https://labtecnosocial.org/pinturasbo-explorer/pal/172_pal.png
173,https://labtecnosocial.org/pinturasbo-explorer/paint/173_paint.jpg,Awicha Montaña,Roberto Mamani Mamani,Estado Plurinacional (2006 - presente),,Artistas contemporáneos,#FFFFFF,#15120D,#947D51,#AFA172,#A43929,#987860,#A43929,https://labtecnosocial.org/pinturasbo-explorer/pal/173_pal.png
174,https://labtecnosocial.org/pinturasbo-explorer/paint/174_paint.jpg,Awicha Monolita,Roberto Mamani Mamani,Estado Plurinacional (2006 - presente),,Artistas contemporáneos,#FFFFFF,#AE5E15,#C56E27,#080000,#BFA58E,#A57A5A,#C56E27,https://labtecnosocial.org/pinturasbo-explorer/pal/174_pal.png
175,https://labtecnosocial.org/pinturasbo-explorer/paint/175_paint.jpg,Pueblito de la Rinconada,Roberto Mamani Mamani,Estado Plurinacional (2006 - presente),,Artistas contemporáneos,#FFFFFF,#3E5082,#B52814,#2DA2CE,#272727,#86737E,#2DA2CE,https://labtecnosocial.org/pinturasbo-explorer/pal/175_pal.png
176,https://labtecnosocial.org/pinturasbo-explorer/paint/176_paint.jpg,Desconocido,Roberto Mamani Mamani,Estado Plurinacional (2006 - presente),,Artistas contemporáneos,#FEFEFE,#FFFD5A,#A02611,#1C1C1C,#A1A1A1,#AE906C,#FFFD5A,https://labtecnosocial.org/pinturasbo-explorer/pal/176_pal.png
